Address,Phone,Alert,Closed,PharmacyOnly,StorePhotoOnly,Name
"5158 N LINCOLN AVE
CHICAGO, IL 60625
",773-907-8490,,FALSE,FALSE,FALSE,Walgreens
"4801 N LINCOLN AVE
CHICAGO, IL 60625
",773-561-2526,,FALSE,FALSE,FALSE,Walgreens
"4343 N KEDZIE AVE
CHICAGO, IL 60618
",773-604-4419,,FALSE,FALSE,FALSE,Walgreens
"3153 W IRVING PARK RD
CHICAGO, IL 60618
",773-588-9196,,FALSE,FALSE,FALSE,Walgreens
"3019 W PETERSON AVE
CHICAGO, IL 60659
",773-728-6254,,FALSE,FALSE,FALSE,Walgreens
"4010 W LAWRENCE AVE
CHICAGO, IL 60630
",773-286-0309,,FALSE,FALSE,FALSE,Walgreens
"2301 W IRVING PARK RD
CHICAGO, IL 60618
",773-267-8410,,FALSE,FALSE,FALSE,Walgreens
"6140 N WESTERN AVE
CHICAGO, IL 60659
",773-764-0050,,FALSE,FALSE,FALSE,Walgreens
"4001 W IRVING PARK RD
CHICAGO, IL 60641
",773-685-3527,,FALSE,FALSE,FALSE,Walgreens
"1500 W WILSON AVE
CHICAGO, IL 60640
",773-907-8995,,FALSE,FALSE,FALSE,Walgreens
"5440 N CLARK ST
CHICAGO, IL 60640
",773-596-5022,,FALSE,FALSE,FALSE,Walgreens
"3358 N WESTERN AVE
CHICAGO, IL 60618
",773-327-2111,,FALSE,FALSE,FALSE,Walgreens
"3424 W BELMONT AVE
CHICAGO, IL 60618
",773-267-2328,,FALSE,FALSE,FALSE,Walgreens
"5625 N RIDGE AVE
CHICAGO, IL 60660
",773-989-7546,,FALSE,FALSE,FALSE,Walgreens
"3222 N MILWAUKEE AVE
CHICAGO, IL 60618
",773-481-5876,,FALSE,FALSE,FALSE,Walgreens
"6500 N CLARK ST
CHICAGO, IL 60626
",773-681-5033,Pharmacy only,FALSE,TRUE,FALSE,"Howard Brown Health System Pharmacy
"
"4040 N CICERO AVE
CHICAGO, IL 60641
",773-283-5321,,FALSE,FALSE,FALSE,Walgreens
"6121 N BROADWAY ST
CHICAGO, IL 60660
",773-764-8961,,FALSE,FALSE,FALSE,Walgreens
"6798 N LINCOLN AVE
LINCOLNWOOD, IL 60712
",847-674-6350,,FALSE,FALSE,FALSE,Walgreens
"4720 N MARINE DR
CHICAGO, IL 60640
",773-769-1315,,FALSE,FALSE,FALSE,Walgreens
"4025 N SHERIDAN RD
CHICAGO, IL 60613
",773-528-8314,Pharmacy only,FALSE,TRUE,FALSE,"Walgreens Pharmacy at Howard Brown Health Center
"
"1649 W BELMONT AVE
CHICAGO, IL 60657
",773-281-8439,,FALSE,FALSE,FALSE,Walgreens
"2744 N CALIFORNIA AVE
CHICAGO, IL 60647
",773-342-2818,,FALSE,FALSE,FALSE,Walgreens
"953 W IRVING PARK RD
CHICAGO, IL 60613
",773-935-6414,,FALSE,FALSE,FALSE,Walgreens
"1333 W BELMONT AVE
CHICAGO, IL 60657
",773-549-9485,Pharmacy only,FALSE,TRUE,FALSE,"Walgreens Pharmacy at NMPG-Lakeview
"
"4745 W BELMONT AVE
CHICAGO, IL 60641
",773-481-0211,,FALSE,FALSE,FALSE,Walgreens
"3646 N BROADWAY ST
CHICAGO, IL 60613
",773-549-3808,,FALSE,FALSE,FALSE,Walgreens
"3320 W FULLERTON AVE
CHICAGO, IL 60647
",773-252-8346,,FALSE,FALSE,FALSE,Walgreens
"7510 N WESTERN AVE
CHICAGO, IL 60645
",773-764-1765,,FALSE,FALSE,FALSE,Walgreens
"912 W BELMONT AVE
CHICAGO, IL 60657
",773-665-8990,Pharmacy only,FALSE,TRUE,FALSE,"Community Pharmacy
"
"5230 N MILWAUKEE AVE
CHICAGO, IL 60630
",773-736-8920,,FALSE,FALSE,FALSE,Walgreens
"4343 N CENTRAL AVE
CHICAGO, IL 60634
",773-427-9456,,FALSE,FALSE,FALSE,Walgreens
"7410 N CLARK ST
CHICAGO, IL 60626
",773-743-6784,,FALSE,FALSE,FALSE,Walgreens
"3245 N HALSTED ST
CHICAGO, IL 60657
",773-248-3160,Pharmacy only,FALSE,TRUE,FALSE,"Walgreens Pharmacy at Aris Health by Howard Brown
"
"3046 N HALSTED ST
CHICAGO, IL 60657
",773-325-0413,,FALSE,FALSE,FALSE,Walgreens
"2835 N SHEFFIELD AVE
CHICAGO, IL 60657
",773-348-3574,Pharmacy only,FALSE,TRUE,FALSE,"Walgreens Pharmacy at Northstar Health Care
"
"1520 W FULLERTON AVE
CHICAGO, IL 60614
",773-929-6968,,FALSE,FALSE,FALSE,Walgreens
"3201 N BROADWAY ST
CHICAGO, IL 60657
",773-327-3591,,FALSE,FALSE,FALSE,Walgreens
"3110 W ARMITAGE AVE
CHICAGO, IL 60647
",773-235-6758,,FALSE,FALSE,FALSE,Walgreens
"2001 N MILWAUKEE AVE
CHICAGO, IL 60647
",773-772-2370,,FALSE,FALSE,FALSE,Walgreens
"740 W DIVERSEY PKWY
CHICAGO, IL 60614
",773-929-1097,,FALSE,FALSE,FALSE,Walgreens
"5140 W DIVERSEY AVE
CHICAGO, IL 60639
",773-685-8759,,FALSE,FALSE,FALSE,Walgreens
"4817 W FULLERTON AVE
CHICAGO, IL 60639
",773-889-7411,,FALSE,FALSE,FALSE,Walgreens
"5650 W BELMONT AVE
CHICAGO, IL 60634
",773-777-4611,,FALSE,FALSE,FALSE,Walgreens
"5935 W ADDISON ST
CHICAGO, IL 60634
",773-282-1594,,FALSE,FALSE,FALSE,Walgreens
"331 W SURF ST
CHICAGO, IL 60657
",773-799-9839,Pharmacy only,FALSE,TRUE,FALSE,"Health System Pharmacy
"
"2440 W NORTH AVE
CHICAGO, IL 60647
",773-489-5607,,FALSE,FALSE,FALSE,Walgreens
"635 CHICAGO AVE
EVANSTON, IL 60202
",847-864-8120,,FALSE,FALSE,FALSE,Walgreens
"2500 N CLARK ST
CHICAGO, IL 60614
",773-929-7488,,FALSE,FALSE,FALSE,Walgreens
"1627 N PULASKI RD
CHICAGO, IL 60639
",773-772-5432,,FALSE,FALSE,FALSE,Walgreens
"1601 N MILWAUKEE AVE
CHICAGO, IL 60647
",773-342-9161,,FALSE,FALSE,FALSE,Walgreens
"900 DODGE AVE
EVANSTON, IL 60202
",847-475-7287,,FALSE,FALSE,FALSE,Walgreens
"5600 W TOUHY AVE
NILES, IL 60714
",847-588-1704,,FALSE,FALSE,FALSE,Walgreens
"4850 OAKTON ST
SKOKIE, IL 60077
",847-933-0418,,FALSE,FALSE,FALSE,Walgreens
"834 W ARMITAGE AVE
CHICAGO, IL 60614
",773-687-0709,,FALSE,FALSE,FALSE,Walgreens
"5600 W FULLERTON AVE
CHICAGO, IL 60639
",773-745-1640,,FALSE,FALSE,FALSE,Walgreens
"1372 N MILWAUKEE AVE
CHICAGO, IL 60622
",773-772-0941,,FALSE,FALSE,FALSE,Walgreens
"6310 N NAGLE AVE
CHICAGO, IL 60646
",773-774-2225,,FALSE,FALSE,FALSE,Walgreens
"4748 W NORTH AVE
CHICAGO, IL 60639
",773-745-6642,,FALSE,FALSE,FALSE,Walgreens
"3945 DEMPSTER ST
SKOKIE, IL 60076
",847-674-5876,,FALSE,FALSE,FALSE,Walgreens
"711 W NORTH AVE
CHICAGO, IL 60610
",312-944-0867,Pharmacy only,FALSE,TRUE,FALSE,"Walgreens at Seton Family Health Center
"
"7155 W FOSTER PL
CHICAGO, IL 60656
",773-631-3927,,FALSE,FALSE,FALSE,Walgreens
"6809 W BELMONT AVE
CHICAGO, IL 60634
",773-237-6273,,FALSE,FALSE,FALSE,Walgreens
"1546 N CENTRAL AVE
CHICAGO, IL 60651
",773-622-8185,,FALSE,FALSE,FALSE,Walgreens
"1601 N WELLS ST
CHICAGO, IL 60614
",312-642-4008,,FALSE,FALSE,FALSE,Walgreens
"1650 W CHICAGO AVE
CHICAGO, IL 60622
",312-829-6186,,FALSE,FALSE,FALSE,Walgreens
"4101 N HARLEM AVE
NORRIDGE, IL 60706
",708-457-0606,,FALSE,FALSE,FALSE,Walgreens
"9150 SKOKIE BLVD
SKOKIE, IL 60077
",847-673-8063,,FALSE,FALSE,FALSE,Walgreens
"2100 GREEN BAY RD
EVANSTON, IL 60201
",847-475-0996,,FALSE,FALSE,FALSE,Walgreens
"1200 N DEARBORN ST
CHICAGO, IL 60610
",312-943-0973,,FALSE,FALSE,FALSE,Walgreens
"5730 DEMPSTER ST
MORTON GROVE, IL 60053
",847-583-9309,,FALSE,FALSE,FALSE,Walgreens
"2828 N HARLEM AVE
ELMWOOD PARK, IL 60707
",708-583-0170,,FALSE,FALSE,FALSE,Walgreens
"315 W CHICAGO AVE
CHICAGO, IL 60654
",312-280-1599,,FALSE,FALSE,FALSE,Walgreens
"933 N STATE ST
CHICAGO, IL 60610
",312-943-0671,,FALSE,FALSE,FALSE,Walgreens
"5753 N CANFIELD AVE
CHICAGO, IL 60631
",773-631-2851,,FALSE,FALSE,FALSE,Walgreens
"2340 W MADISON ST
CHICAGO, IL 60612
",312-226-7913,,FALSE,FALSE,FALSE,Walgreens
"3800 W MADISON ST
CHICAGO, IL 60624
",773-826-1817,Pharmacy only,FALSE,TRUE,FALSE,"Walgreens Pharmacy at ACCESS Madison Family Health Center
"
"4009 OLD ORCHARD RD
SKOKIE, IL 60076
",847-256-1000,,FALSE,FALSE,FALSE,Walgreens
"641 N CLARK ST
CHICAGO, IL 60654
",312-587-1416,,FALSE,FALSE,FALSE,Walgreens
"1051 W RANDOLPH
CHICAGO, IL 60607
",312-279-5500,Store & photo only,FALSE,FALSE,TRUE,Walgreens
"757 N MICHIGAN AVE
CHICAGO, IL 60611
",312-664-8686,,FALSE,FALSE,FALSE,Walgreens
"201 E HURON ST
CHICAGO, IL 60611
",312-951-1084,Pharmacy only,FALSE,TRUE,FALSE,"Walgreens Pharmacy at Northwestern Memorial Hospital-Galter
"
"259 E ERIE ST
CHICAGO, IL 60611
",312-649-6707,Pharmacy only,FALSE,TRUE,FALSE,"Walgreens Pharmacy at Northwestern Outpatient Care Pavilion
"
"5222 W MADISON ST
CHICAGO, IL 60644
",773-287-0380,,FALSE,FALSE,FALSE,Walgreens
"7200 W NORTH AVE
ELMWOOD PARK, IL 60707
",708-456-8810,,FALSE,FALSE,FALSE,Walgreens
"680 N LAKE SHORE DR
CHICAGO, IL 60611
",312-943-2224,,FALSE,FALSE,FALSE,Walgreens
"8001 N MILWAUKEE AVE
NILES, IL 60714
",847-583-0409,,FALSE,FALSE,FALSE,Walgreens
"410 N MICHIGAN AVE
CHICAGO, IL 60611
",312-321-0951,,FALSE,FALSE,FALSE,Walgreens
"111 S HALSTED ST
CHICAGO, IL 60661
",312-463-9142,,FALSE,FALSE,FALSE,Walgreens
"4820 N CUMBERLAND AVE
NORRIDGE, IL 60706
",708-583-2133,,FALSE,FALSE,FALSE,Walgreens
"100 W RANDOLPH ST
CHICAGO, IL 60601
",312-525-3984,,FALSE,FALSE,FALSE,Walgreens
"800 DEVON AVE
PARK RIDGE, IL 60068
",847-825-7194,,FALSE,FALSE,FALSE,Walgreens
"342 E ILLINOIS ST
CHICAGO, IL 60611
",312-467-0485,,FALSE,FALSE,FALSE,Walgreens
"201 W MADISON ST
CHICAGO, IL 60606
",312-214-4385,,FALSE,FALSE,FALSE,Walgreens
"151 N STATE ST
CHICAGO, IL 60601
",312-863-4249,,FALSE,FALSE,FALSE,Walgreens
"250 S WACKER DR
CHICAGO, IL 60606
",312-876-1363,,FALSE,FALSE,FALSE,Walgreens
"2 N STATE ST #1
CHICAGO, IL 60602
",312-332-0216,,FALSE,FALSE,FALSE,Walgreens
"200 W ADAMS ST
CHICAGO, IL 60606
",312-372-0331,This store is closed temporarily,TRUE,FALSE,FALSE,Walgreens
"8361 BELMONT AVE
RIVER GROVE, IL 60171
",708-452-8062,,FALSE,FALSE,FALSE,Walgreens
"5932 W CERMAK RD
CICERO, IL 60804
",708-652-4856,,FALSE,FALSE,FALSE,Walgreens
"4800 W CERMAK RD
CICERO, IL 60804
",708-863-7734,,FALSE,FALSE,FALSE,Walgreens
"5840 W 35TH ST
CICERO, IL 60804
",708-780-7513,,FALSE,FALSE,FALSE,Walgreens
"3040 S CICERO AVE
CICERO, IL 60804
",708-391-2118,Pharmacy only,FALSE,TRUE,FALSE,"Health System Pharmacy
"
"6412 ROOSEVELT RD
OAK PARK, IL 60304
",708-386-9359,,FALSE,FALSE,FALSE,Walgreens
"3249 S OAK PARK AVE
BERWYN, IL 60402
",708-484-6693,Pharmacy only,FALSE,TRUE,FALSE,"Walgreens Pharmacy at MacNeal Hospital
"
"7113 CERMAK RD
BERWYN, IL 60402
",708-795-9030,,FALSE,FALSE,FALSE,Walgreens
"6800 OGDEN AVE
BERWYN, IL 60402
",708-749-9061,,FALSE,FALSE,FALSE,Walgreens
"4005 W 26TH ST
CHICAGO, IL 60623
",773-521-9504,,FALSE,FALSE,FALSE,Walgreens
"7200 ROOSEVELT RD
FOREST PARK, IL 60130
",708-366-9534,,FALSE,FALSE,FALSE,Walgreens
"811 MADISON ST
OAK PARK, IL 60302
",708-383-9009,,FALSE,FALSE,FALSE,Walgreens
"3303 W 26TH ST
CHICAGO, IL 60623
",773-521-1718,Pharmacy only,FALSE,TRUE,FALSE,"Walgreens Pharmacy at ACCESS Servicios Medicos La Villita
"
"3401 W ROOSEVELT RD
CHICAGO, IL 60624
",773-542-1232,,FALSE,FALSE,FALSE,Walgreens
"3045 W 26TH ST
CHICAGO, IL 60623
",773-254-3316,,FALSE,FALSE,FALSE,Walgreens
"7251 LAKE ST
RIVER FOREST, IL 60305
",708-366-9960,,FALSE,FALSE,FALSE,Walgreens
"3943 W 47TH ST
CHICAGO, IL 60632
",773-927-0523,,FALSE,FALSE,FALSE,Walgreens
"5414 S ARCHER AVE
CHICAGO, IL 60638
",773-581-1664,,FALSE,FALSE,FALSE,Walgreens
"5874 S ARCHER AVE
CHICAGO, IL 60638
",773-284-7419,,FALSE,FALSE,FALSE,Walgreens
"4385 S ARCHER AVE
CHICAGO, IL 60632
",773-247-6804,,FALSE,FALSE,FALSE,Walgreens
"4101 1ST AVE
LYONS, IL 60534
",708-447-6851,,FALSE,FALSE,FALSE,Walgreens
"7150 W ARCHER AVE
CHICAGO, IL 60638
",773-229-1447,,FALSE,FALSE,FALSE,Walgreens
"8000 BROADVIEW VILLAGE SQ
BROADVIEW, IL 60155
",708-410-2957,,FALSE,FALSE,FALSE,Walgreens
"100 LAKE ST
MAYWOOD, IL 60153
",708-344-9885,,FALSE,FALSE,FALSE,Walgreens
"1600 W ROOSEVELT RD
BROADVIEW, IL 60155
",708-343-5323,,FALSE,FALSE,FALSE,Walgreens
"1931 W CERMAK RD
CHICAGO, IL 60608
",773-847-5781,,FALSE,FALSE,FALSE,Walgreens
"4000 W 59TH ST
CHICAGO, IL 60629
",773-581-2345,This store is closed temporarily,TRUE,FALSE,FALSE,Walgreens
"6016 W 63RD ST
CHICAGO, IL 60638
",773-788-0180,,FALSE,FALSE,FALSE,Walgreens
"1926 W 35TH ST
CHICAGO, IL 60609
",773-254-5523,,FALSE,FALSE,FALSE,Walgreens
"5435 S KEDZIE AVE
CHICAGO, IL 60632
",773-436-7396,,FALSE,FALSE,FALSE,Walgreens
"4710 S WESTERN AVE
CHICAGO, IL 60609
",773-579-0366,,FALSE,FALSE,FALSE,Walgreens
"2 N LA GRANGE RD
LA GRANGE, IL 60525
",708-352-3116,,FALSE,FALSE,FALSE,Walgreens
"6315 S KEDZIE AVE
CHICAGO, IL 60629
",773-776-4040,,FALSE,FALSE,FALSE,Walgreens
"1614 W 47TH ST
CHICAGO, IL 60609
",773-247-3051,,FALSE,FALSE,FALSE,Walgreens
"10345 W ROOSEVELT RD
WESTCHESTER, IL 60154
",708-681-4034,,FALSE,FALSE,FALSE,Walgreens
"1445 W NORTH AVE
MELROSE PARK, IL 60160
",708-345-6080,,FALSE,FALSE,FALSE,Walgreens
"3000 S HALSTED ST
CHICAGO, IL 60608
",312-225-0537,,FALSE,FALSE,FALSE,Walgreens
"7045 S PULASKI RD
CHICAGO, IL 60629
",773-735-0337,,FALSE,FALSE,FALSE,Walgreens
"501 W ROOSEVELT RD
CHICAGO, IL 60607
",312-492-8559,,FALSE,FALSE,FALSE,Walgreens
"316 W CERMAK RD
CHICAGO, IL 60616
",312-791-0392,,FALSE,FALSE,FALSE,Walgreens
"4700 S HALSTED ST
CHICAGO, IL 60609
",773-927-8777,,FALSE,FALSE,FALSE,Walgreens
"2151 S WOLF RD
HILLSIDE, IL 60162
",708-562-6105,,FALSE,FALSE,FALSE,Walgreens
"5555 W 79TH ST
BURBANK, IL 60459
",708-499-3755,,FALSE,FALSE,FALSE,Walgreens
"4700 GILBERT AVE
WESTERN SPRINGS, IL 60558
",708-246-5120,,FALSE,FALSE,FALSE,Walgreens
"7878 S HARLEM AVE
BRIDGEVIEW, IL 60455
",708-496-7806,,FALSE,FALSE,FALSE,Walgreens
"7111 S WESTERN AVE
CHICAGO, IL 60636
",773-863-8009,,FALSE,FALSE,FALSE,Walgreens
"4730 BUTTERFIELD RD
HILLSIDE, IL 60162
",708-547-6316,,FALSE,FALSE,FALSE,Walgreens
"2 E ROOSEVELT RD
CHICAGO, IL 60605
",312-212-1583,,FALSE,FALSE,FALSE,Walgreens
"79 W MONROE ST
CHICAGO, IL 60603
",312-346-5727,This store is closed temporarily,TRUE,FALSE,FALSE,Walgreens
"9595 GRAND AVE
FRANKLIN PARK, IL 60131
",847-455-6876,,FALSE,FALSE,FALSE,Walgreens
"122 S MICHIGAN AVE
CHICAGO, IL 60603
",312-973-3708,,FALSE,FALSE,FALSE,Walgreens
"30 N MICHIGAN AVE
CHICAGO, IL 60602
",312-332-3540,,FALSE,FALSE,FALSE,Walgreens
"3405 S KING DR
CHICAGO, IL 60616
",312-326-4058,,FALSE,FALSE,FALSE,Walgreens
"5401 S WENTWORTH
CHICAGO, IL 60609
",773-268-5664,Pharmacy only,FALSE,TRUE,FALSE,"Access Community Health
"
"1213 W 79TH ST
CHICAGO, IL 60620
",773-651-2118,,FALSE,FALSE,FALSE,Walgreens
"1633 W 95TH ST
CHICAGO, IL 60643
",773-445-9277,,FALSE,FALSE,FALSE,Walgreens
"8700 S KEDZIE AVE
EVERGREEN PARK, IL 60805
",708-499-8051,,FALSE,FALSE,FALSE,Walgreens
"11 E 75TH ST
CHICAGO, IL 60619
",773-224-1211,,FALSE,FALSE,FALSE,Walgreens
"650 W 63RD ST
CHICAGO, IL 60621
",773-994-4467,,FALSE,FALSE,FALSE,Walgreens
"2345 W 103RD ST
CHICAGO, IL 60643
",773-429-0767,,FALSE,FALSE,FALSE,Walgreens
"8628 S COTTAGE GROVE AVE
CHICAGO, IL 60619
",773-651-8500,,FALSE,FALSE,FALSE,Walgreens
"3959 W 95TH ST
EVERGREEN PARK, IL 60805
",708-857-7922,,FALSE,FALSE,FALSE,Walgreens
"10300 S MICHIGAN AVE
CHICAGO, IL 60628
",773-468-0602,,FALSE,FALSE,FALSE,Walgreens
"4440 W 95TH ST
OAK LAWN, IL 60453
",708-857-1935,Pharmacy only,FALSE,TRUE,FALSE,"Walgreens Pharmacy at Advocate Christ Medical Center
"
"8701 S CICERO AVE
HOMETOWN, IL 60456
",708-423-6430,,FALSE,FALSE,FALSE,Walgreens
"4740 W 95TH ST
OAK LAWN, IL 60453
",708-425-6960,,FALSE,FALSE,FALSE,Walgreens
"3220 W 111TH ST
CHICAGO, IL 60655
",773-239-2808,,FALSE,FALSE,FALSE,Walgreens
"1616 E 87TH ST
CHICAGO, IL 60617
",773-978-7174,This store is closed temporarily,TRUE,FALSE,FALSE,Walgreens
"833 W 115TH ST
CHICAGO, IL 60643
",773-568-4034,,FALSE,FALSE,FALSE,Walgreens
"1533 E 67TH ST
CHICAGO, IL 60637
",773-493-0733,This store is closed temporarily,TRUE,FALSE,FALSE,Walgreens
"2015 E 79TH ST
CHICAGO, IL 60649
",773-734-2492,,FALSE,FALSE,FALSE,Walgreens
"11833 S WESTERN AVE
CHICAGO, IL 60643
",773-233-2245,,FALSE,FALSE,FALSE,Walgreens
"7109 S JEFFERY BLVD
CHICAGO, IL 60649
",773-324-1880,,FALSE,FALSE,FALSE,Walgreens
"10639 S CICERO AVE
OAK LAWN, IL 60453
",708-424-3594,,FALSE,FALSE,FALSE,Walgreens
"5036 S COTTAGE GROVE AVE
CHICAGO, IL 60615
",773-373-6266,This store is closed temporarily,TRUE,FALSE,FALSE,Walgreens
"1554 E 55TH ST
CHICAGO, IL 60615
",773-667-1177,,FALSE,FALSE,FALSE,Walgreens
"2351 E 71ST ST
CHICAGO, IL 60649
",773-358-4135,Pharmacy only,FALSE,TRUE,FALSE,"Community Pharmacy
"
"6001 W 95TH ST
OAK LAWN, IL 60453
",708-636-5615,,FALSE,FALSE,FALSE,Walgreens
"1320 E 47TH ST
CHICAGO, IL 60653
",773-373-6147,This store is closed temporarily,TRUE,FALSE,FALSE,Walgreens
"12290 S PULASKI RD
ALSIP, IL 60803
",708-385-2006,,FALSE,FALSE,FALSE,Walgreens
"12854 S ASHLAND AVE
CALUMET PARK, IL 60827
",708-239-1136,,FALSE,FALSE,FALSE,Walgreens
"9148 S COMMERCIAL AVE
CHICAGO, IL 60617
",773-721-6603,This store is closed temporarily,TRUE,FALSE,FALSE,Walgreens
"8715 S HARLEM AVE
BRIDGEVIEW, IL 60455
",708-598-2511,,FALSE,FALSE,FALSE,Walgreens
"6430 W 111TH ST
WORTH, IL 60482
",708-448-2540,,FALSE,FALSE,FALSE,Walgreens
"3611 E 106TH ST
CHICAGO, IL 60617
",773-978-1988,,FALSE,FALSE,FALSE,Walgreens
"13501 CICERO AVE
CRESTWOOD, IL 60418
",708-396-1280,,FALSE,FALSE,FALSE,Walgreens
"7945 W 95TH ST
HICKORY HILLS, IL 60457
",708-599-5603,,FALSE,FALSE,FALSE,Walgreens
"11801 S AVENUE O
CHICAGO, IL 60617
",773-731-2147,,FALSE,FALSE,FALSE,Walgreens
"12659 S RIDGELAND AVE
PALOS HEIGHTS, IL 60463
",708-385-0218,,FALSE,FALSE,FALSE,Walgreens
"11053 SOUTHWEST HWY
PALOS HILLS, IL 60465
",708-974-0532,,FALSE,FALSE,FALSE,Walgreens
"3145 W 147TH ST
POSEN, IL 60469
",708-385-8922,,FALSE,FALSE,FALSE,Walgreens
"14700 HALSTED ST
HARVEY, IL 60426
",708-333-3572,,FALSE,FALSE,FALSE,Walgreens
"8800 W 95TH ST
HICKORY HILLS, IL 60457
",708-598-3271,,FALSE,FALSE,FALSE,Walgreens
"4800 148TH ST
MIDLOTHIAN, IL 60445
",708-687-1604,,FALSE,FALSE,FALSE,Walgreens
"1150 E SIBLEY BLVD
DOLTON, IL 60419
",708-841-7860,,FALSE,FALSE,FALSE,Walgreens
"1939 INDIANAPOLIS BLVD
WHITING, IN 46394
",219-659-3541,,FALSE,FALSE,FALSE,Walgreens
"410 N MICHIGAN AVE
CHICAGO, IL 60611
1",312-321-0951,,FALSE,FALSE,FALSE,Walgreens
"6412 ROOSEVELT RD
OAK PARK, IL 60304
1",708-386-9359,,FALSE,FALSE,FALSE,Walgreens
"15940 KEDZIE AVE
MARKHAM, IL 60428
1",708-339-1184,,FALSE,FALSE,FALSE,Walgreens
"342 E ILLINOIS ST
CHICAGO, IL 60611
1",312-467-0485,,FALSE,FALSE,FALSE,Walgreens
"5222 W MADISON ST
CHICAGO, IL 60644
1",773-287-0380,,FALSE,FALSE,FALSE,Walgreens
"1650 W CHICAGO AVE
CHICAGO, IL 60622
1",312-829-6186,,FALSE,FALSE,FALSE,Walgreens
"641 N CLARK ST
CHICAGO, IL 60654
1",312-587-1416,,FALSE,FALSE,FALSE,Walgreens
"522 TORRENCE AVE
CALUMET CITY, IL 60409
1",708-868-5669,,FALSE,FALSE,FALSE,Walgreens
"1403 WAUKEGAN RD
GLENVIEW, IL 60025
",847-998-1442,,FALSE,FALSE,FALSE,Walgreens
"3301 GLENVIEW RD
GLENVIEW, IL 60025
",847-724-0759,,FALSE,FALSE,FALSE,Walgreens
"2871 PFINGSTEN RD
GLENVIEW, IL 60026
",847-559-9227,,FALSE,FALSE,FALSE,Walgreens
"2690 GOLF RD
GLENVIEW, IL 60025
",847-657-9863,,FALSE,FALSE,FALSE,Walgreens
"1825 WILLOW RD
NORTHFIELD, IL 60093
",847-784-8032,,FALSE,FALSE,FALSE,Walgreens
"4339 DI PAOLO CTR
GLENVIEW, IL 60025
",847-299-1920,Pharmacy only,FALSE,TRUE,FALSE,"Community Pharmacy
"
"1050 WAUKEGAN RD
NORTHBROOK, IL 60062
",847-272-3155,,FALSE,FALSE,FALSE,Walgreens
"9301 WAUKEGAN RD
MORTON GROVE, IL 60053
",847-965-2444,,FALSE,FALSE,FALSE,Walgreens
"3232 LAKE AVE
WILMETTE, IL 60091
",847-251-1413,,FALSE,FALSE,FALSE,Walgreens
"9000 N GREENWOOD AVE
NILES, IL 60714
",847-298-3050,,FALSE,FALSE,FALSE,Walgreens
"1775 W DEMPSTER
PARK RIDGE, IL 60068
",847-692-2184,Pharmacy only,FALSE,TRUE,FALSE,"Walgreens Pharmacy at Advocate Lutheran General Hospital
"
"353 PARK AVE
GLENCOE, IL 60022
",847-835-0387,,FALSE,FALSE,FALSE,Walgreens
"925 GREEN BAY RD
WINNETKA, IL 60093
",847-835-8417,,FALSE,FALSE,FALSE,Walgreens
"1701 E KENSINGTON RD
MOUNT PROSPECT, IL 60056
",847-635-9962,,FALSE,FALSE,FALSE,Walgreens
"1378 MINER ST
DES PLAINES, IL 60016
",847-296-3958,,FALSE,FALSE,FALSE,Walgreens
"1 N BROADWAY ST
DES PLAINES, IL 60016
",847-827-7556,Pharmacy only,FALSE,TRUE,FALSE,"Walgreens Pharmacy at ACCESS Comm Health Ctr-Des Plaines
"
"632 ROGER WILLIAMS AVE
HIGHLAND PARK, IL 60035
",847-432-8170,,FALSE,FALSE,FALSE,Walgreens
"780 WAUKEGAN RD
DEERFIELD, IL 60015
",847-945-0611,,FALSE,FALSE,FALSE,Walgreens
"21 RAND RD
DES PLAINES, IL 60016
",847-827-9659,,FALSE,FALSE,FALSE,Walgreens
"1858 E OAKTON ST
DES PLAINES, IL 60018
",847-299-6611,,FALSE,FALSE,FALSE,Walgreens
"10 N MILWAUKEE AVE
WHEELING, IL 60090
",847-215-8346,,FALSE,FALSE,FALSE,Walgreens
"901 W TOUHY AVE
PARK RIDGE, IL 60068
",847-384-0125,,FALSE,FALSE,FALSE,Walgreens
"811 GREEN BAY RD
WILMETTE, IL 60091
",847-256-0881,,FALSE,FALSE,FALSE,Walgreens
"1 N ELMHURST RD
PROSPECT HEIGHTS, IL 60070
",847-398-4673,,FALSE,FALSE,FALSE,Walgreens
"17 W GOLF RD
DES PLAINES, IL 60016
",847-296-5145,,FALSE,FALSE,FALSE,Walgreens
"655 ELM PL
HIGHLAND PARK, IL 60035
",847-266-8520,,FALSE,FALSE,FALSE,Walgreens
"1028 S ELMHURST RD
MOUNT PROSPECT, IL 60056
",847-437-1858,,FALSE,FALSE,FALSE,Walgreens
"1199 W DUNDEE RD
WHEELING, IL 60090
",847-465-8682,,FALSE,FALSE,FALSE,Walgreens
"2501 WAUKEGAN RD
BANNOCKBURN, IL 60015
",847-940-8104,,FALSE,FALSE,FALSE,Walgreens
"320 WAUKEGAN AVE
HIGHWOOD, IL 60040
",847-433-5138,,FALSE,FALSE,FALSE,Walgreens
"1000 E NORTHWEST HWY
ARLINGTON HEIGHTS, IL 60004
",847-259-4646,,FALSE,FALSE,FALSE,Walgreens
"235 E PALATINE RD
ARLINGTON HEIGHTS, IL 60004
",847-394-2420,,FALSE,FALSE,FALSE,Walgreens
"15 N BUFFALO GROVE RD
BUFFALO GROVE, IL 60089
",847-520-7220,,FALSE,FALSE,FALSE,Walgreens
"3 E GOLF RD
ARLINGTON HEIGHTS, IL 60005
",847-593-6650,,FALSE,FALSE,FALSE,Walgreens
"1225 W DUNDEE RD
BUFFALO GROVE, IL 60089
",847-368-1998,,FALSE,FALSE,FALSE,Walgreens
"1711 W CAMPBELL ST
ARLINGTON HEIGHTS, IL 60005
",847-577-7099,,FALSE,FALSE,FALSE,Walgreens
"225 MILWAUKEE AVE
LINCOLNSHIRE, IL 60069
",847-913-1627,,FALSE,FALSE,FALSE,Walgreens
"1701 N BUFFALO GROVE RD
BUFFALO GROVE, IL 60089
",847-955-9361,,FALSE,FALSE,FALSE,Walgreens
"9800 IRVING PARK RD
SCHILLER PARK, IL 60176
",847-233-0576,,FALSE,FALSE,FALSE,Walgreens
"4040 N CICERO AVE
CHICAGO, IL 60641
1",773-283-5321,,FALSE,FALSE,FALSE,Walgreens
"5935 W ADDISON ST
CHICAGO, IL 60634
1",773-282-1594,,FALSE,FALSE,FALSE,Walgreens
"5158 N LINCOLN AVE
CHICAGO, IL 60625
1",773-907-8490,,FALSE,FALSE,FALSE,Walgreens
"4001 W IRVING PARK RD
CHICAGO, IL 60641
1",773-685-3527,,FALSE,FALSE,FALSE,Walgreens
"6121 N BROADWAY ST
CHICAGO, IL 60660
1",773-764-8961,,FALSE,FALSE,FALSE,Walgreens
"6809 W BELMONT AVE
CHICAGO, IL 60634
1",773-237-6273,,FALSE,FALSE,FALSE,Walgreens
"4343 N KEDZIE AVE
CHICAGO, IL 60618
1",773-604-4419,,FALSE,FALSE,FALSE,Walgreens
"8361 BELMONT AVE
RIVER GROVE, IL 60171
1",708-452-8062,,FALSE,FALSE,FALSE,Walgreens
"4801 N LINCOLN AVE
CHICAGO, IL 60625
1",773-561-2526,,FALSE,FALSE,FALSE,Walgreens
"5 W IRVING PARK RD
BENSENVILLE, IL 60106
1",630-350-1178,,FALSE,FALSE,FALSE,Walgreens
"5650 W BELMONT AVE
CHICAGO, IL 60634
1",773-777-4611,,FALSE,FALSE,FALSE,Walgreens
"5440 N CLARK ST
CHICAGO, IL 60640
1",773-596-5022,,FALSE,FALSE,FALSE,Walgreens
"12 N NORTHWEST HWY
PALATINE, IL 60067
",847-359-3624,,FALSE,FALSE,FALSE,Walgreens
"296 E DEERPATH
LAKE FOREST, IL 60045
1",847-234-2413,,FALSE,FALSE,FALSE,Walgreens
"5625 N RIDGE AVE
CHICAGO, IL 60660
1",773-989-7546,,FALSE,FALSE,FALSE,Walgreens
"2828 N HARLEM AVE
ELMWOOD PARK, IL 60707
1",708-583-0170,,FALSE,FALSE,FALSE,Walgreens
"3153 W IRVING PARK RD
CHICAGO, IL 60618
1",773-588-9196,,FALSE,FALSE,FALSE,Walgreens
"4745 W BELMONT AVE
CHICAGO, IL 60641
1",773-481-0211,,FALSE,FALSE,FALSE,Walgreens
"930 ELK GROVE TOWN CTR
ELK GROVE VILLAGE, IL 60007
1",847-439-4710,,FALSE,FALSE,FALSE,Walgreens
"1000 N WESTMORELAND RD
LAKE FOREST, IL 60045
1",847-810-8441,Pharmacy only,FALSE,TRUE,FALSE,"Walgreens Pharmacy at Lake Forest Hospital
"
"375 E DUNDEE RD
PALATINE, IL 60074
1",847-934-5741,,FALSE,FALSE,FALSE,Walgreens
"9595 GRAND AVE
FRANKLIN PARK, IL 60131
1",847-455-6876,,FALSE,FALSE,FALSE,Walgreens
"5140 W DIVERSEY AVE
CHICAGO, IL 60639
1",773-685-8759,,FALSE,FALSE,FALSE,Walgreens
"3222 N MILWAUKEE AVE
CHICAGO, IL 60618
1",773-481-5876,,FALSE,FALSE,FALSE,Walgreens
"1500 W WILSON AVE
CHICAGO, IL 60640
1",773-907-8995,,FALSE,FALSE,FALSE,Walgreens
"2301 W IRVING PARK RD
CHICAGO, IL 60618
1",773-267-8410,,FALSE,FALSE,FALSE,Walgreens
"3424 W BELMONT AVE
CHICAGO, IL 60618
1",773-267-2328,,FALSE,FALSE,FALSE,Walgreens
"5600 W FULLERTON AVE
CHICAGO, IL 60639
1",773-745-1640,,FALSE,FALSE,FALSE,Walgreens
"4817 W FULLERTON AVE
CHICAGO, IL 60639
1",773-889-7411,,FALSE,FALSE,FALSE,Walgreens
"4720 N MARINE DR
CHICAGO, IL 60640
1",773-769-1315,,FALSE,FALSE,FALSE,Walgreens
"3358 N WESTERN AVE
CHICAGO, IL 60618
1",773-327-2111,,FALSE,FALSE,FALSE,Walgreens
"805 W EUCLID AVE
PALATINE, IL 60067
1",847-303-5642,,FALSE,FALSE,FALSE,Walgreens
"1325 E IRVING PARK RD
ITASCA, IL 60143
1",630-875-0244,,FALSE,FALSE,FALSE,Walgreens
"7200 W NORTH AVE
ELMWOOD PARK, IL 60707
1",708-456-8810,,FALSE,FALSE,FALSE,Walgreens
"4025 N SHERIDAN RD
CHICAGO, IL 60613
1",773-528-8314,Pharmacy only,FALSE,TRUE,FALSE,"Walgreens Pharmacy at Howard Brown Health Center
"
"375 E DUNDEE RD
PALATINE, IL 60074
",847-934-5741,,FALSE,FALSE,FALSE,Walgreens
"805 W EUCLID AVE
PALATINE, IL 60067
",847-303-5642,,FALSE,FALSE,FALSE,Walgreens
"1285 S RAND RD
LAKE ZURICH, IL 60047
",847-438-8565,,FALSE,FALSE,FALSE,Walgreens
"1000 N ROSELLE RD
HOFFMAN ESTATES, IL 60169
",847-882-7240,,FALSE,FALSE,FALSE,Walgreens
"770 E SCHAUMBURG RD
SCHAUMBURG, IL 60194
",847-884-0752,,FALSE,FALSE,FALSE,Walgreens
"1550 W ALGONQUIN RD
HOFFMAN ESTATES, IL 60192
",847-705-7940,,FALSE,FALSE,FALSE,Walgreens
"930 ELK GROVE TOWN CTR
ELK GROVE VILLAGE, IL 60007
",847-439-4710,,FALSE,FALSE,FALSE,Walgreens
"641 MEACHAM RD
ELK GROVE VILLAGE, IL 60007
",847-352-4061,,FALSE,FALSE,FALSE,Walgreens
"189 W NORTHWEST HWY
BARRINGTON, IL 60010
",847-381-0689,,FALSE,FALSE,FALSE,Walgreens
"1180 S ROSELLE RD
SCHAUMBURG, IL 60193
",847-895-8646,,FALSE,FALSE,FALSE,Walgreens
"261 W TOWNLINE RD
VERNON HILLS, IL 60061
",847-367-4652,,FALSE,FALSE,FALSE,Walgreens
"1461 W SCHAUMBURG RD
SCHAUMBURG, IL 60194
",847-923-9183,,FALSE,FALSE,FALSE,Walgreens
"2560 W GOLF RD
HOFFMAN ESTATES, IL 60169
",847-843-0440,,FALSE,FALSE,FALSE,Walgreens
"910 N RAND RD
LAKE ZURICH, IL 60047
",847-550-9475,,FALSE,FALSE,FALSE,Walgreens
"1325 E IRVING PARK RD
ITASCA, IL 60143
",630-875-0244,,FALSE,FALSE,FALSE,Walgreens
"445 E MAPLE AVE
ROSELLE, IL 60172
",630-893-5171,,FALSE,FALSE,FALSE,Walgreens
"701 S MIDLOTHIAN RD
MUNDELEIN, IL 60060
1",847-949-7198,,FALSE,FALSE,FALSE,Walgreens
"901 W TOUHY AVE
PARK RIDGE, IL 60068
1",847-384-0125,,FALSE,FALSE,FALSE,Walgreens
"9301 WAUKEGAN RD
MORTON GROVE, IL 60053
1",847-965-2444,,FALSE,FALSE,FALSE,Walgreens
"8001 N MILWAUKEE AVE
NILES, IL 60714
1",847-583-0409,,FALSE,FALSE,FALSE,Walgreens
"1470 S MILWAUKEE AVE
LIBERTYVILLE, IL 60048
1",847-247-0682,,FALSE,FALSE,FALSE,Walgreens
"655 ELM PL
HIGHLAND PARK, IL 60035
1",847-266-8520,,FALSE,FALSE,FALSE,Walgreens
"632 ROGER WILLIAMS AVE
HIGHLAND PARK, IL 60035
1",847-432-8170,,FALSE,FALSE,FALSE,Walgreens
"1825 WILLOW RD
NORTHFIELD, IL 60093
1",847-784-8032,,FALSE,FALSE,FALSE,Walgreens
"800 DEVON AVE
PARK RIDGE, IL 60068
1",847-825-7194,,FALSE,FALSE,FALSE,Walgreens
"320 WAUKEGAN AVE
HIGHWOOD, IL 60040
1",847-433-5138,,FALSE,FALSE,FALSE,Walgreens
"345 N LAKE ST
MUNDELEIN, IL 60060
",847-566-6001,,FALSE,FALSE,FALSE,Walgreens
"7350 BARRINGTON RD
HANOVER PARK, IL 60133
1",630-289-4143,,FALSE,FALSE,FALSE,Walgreens
"180 E LAKE ST
BLOOMINGDALE, IL 60108
1",630-894-3276,,FALSE,FALSE,FALSE,Walgreens
"353 PARK AVE
GLENCOE, IL 60022
1",847-835-0387,,FALSE,FALSE,FALSE,Walgreens
"270 W LAKE ST
BLOOMINGDALE, IL 60108
1",630-295-8876,,FALSE,FALSE,FALSE,Walgreens
"3232 LAKE AVE
WILMETTE, IL 60091
1",847-251-1413,,FALSE,FALSE,FALSE,Walgreens
"5730 DEMPSTER ST
MORTON GROVE, IL 60053
1",847-583-9309,,FALSE,FALSE,FALSE,Walgreens
"5753 N CANFIELD AVE
CHICAGO, IL 60631
1",773-631-2851,,FALSE,FALSE,FALSE,Walgreens
"951 N IL ROUTE 83
MUNDELEIN, IL 60060
",847-566-7208,,FALSE,FALSE,FALSE,Walgreens
"9800 IRVING PARK RD
SCHILLER PARK, IL 60176
1",847-233-0576,,FALSE,FALSE,FALSE,Walgreens
"13 E IRVING PARK RD
STREAMWOOD, IL 60107
1",630-540-5213,,FALSE,FALSE,FALSE,Walgreens
"925 GREEN BAY RD
WINNETKA, IL 60093
1",847-835-8417,,FALSE,FALSE,FALSE,Walgreens
"16 E LAKE ST
ADDISON, IL 60101
1",630-832-7821,,FALSE,FALSE,FALSE,Walgreens
"4820 N CUMBERLAND AVE
NORRIDGE, IL 60706
1",708-583-2133,,FALSE,FALSE,FALSE,Walgreens
"6310 N NAGLE AVE
CHICAGO, IL 60646
1",773-774-2225,,FALSE,FALSE,FALSE,Walgreens
"9150 SKOKIE BLVD
SKOKIE, IL 60077
1",847-673-8063,,FALSE,FALSE,FALSE,Walgreens
"5500 COUNTY FARM RD
HANOVER PARK, IL 60133
1",630-213-1809,,FALSE,FALSE,FALSE,Walgreens
"2040 GLEN ELLYN RD
GLENDALE HTS, IL 60139
1",630-539-6597,,FALSE,FALSE,FALSE,Walgreens
"12700 ROCKLAND RD
LAKE BLUFF, IL 60044
1",847-615-2088,,FALSE,FALSE,FALSE,Walgreens
"5600 W TOUHY AVE
NILES, IL 60714
1",847-588-1704,,FALSE,FALSE,FALSE,Walgreens
"900 NORTHWEST HWY
FOX RIVER GROVE, IL 60021
1",847-639-0376,,FALSE,FALSE,FALSE,Walgreens
"4850 OAKTON ST
SKOKIE, IL 60077
1",847-933-0418,,FALSE,FALSE,FALSE,Walgreens
"4009 OLD ORCHARD RD
SKOKIE, IL 60076
1",847-256-1000,,FALSE,FALSE,FALSE,Walgreens
"602 W LIBERTY ST
WAUCONDA, IL 60084
1",847-487-9383,,FALSE,FALSE,FALSE,Walgreens
"1770 N MILWAUKEE AVE
LIBERTYVILLE, IL 60048
1",847-327-9706,,FALSE,FALSE,FALSE,Walgreens
"811 GREEN BAY RD
WILMETTE, IL 60091
1",847-256-0881,,FALSE,FALSE,FALSE,Walgreens
"399 LAKE MARIAN RD
CARPENTERSVILLE, IL 60110
1",847-428-7704,,FALSE,FALSE,FALSE,Walgreens
"5230 N MILWAUKEE AVE
CHICAGO, IL 60630
1",773-736-8920,,FALSE,FALSE,FALSE,Walgreens
"160 N ROBERT T PALMER DR
ELMHURST, IL 60126
1",630-782-1703,,FALSE,FALSE,FALSE,Walgreens
"6 E NORTH AVE
NORTHLAKE, IL 60164
1",708-836-0348,,FALSE,FALSE,FALSE,Walgreens
"2040 ARMY TRAIL RD
HANOVER PARK, IL 60133
1",630-830-6558,,FALSE,FALSE,FALSE,Walgreens
"540 N SCHMALE RD
CAROL STREAM, IL 60188
1",630-933-9558,,FALSE,FALSE,FALSE,Walgreens
"899 S IL ROUTE 59
BARTLETT, IL 60103
1",630-213-5995,,FALSE,FALSE,FALSE,Walgreens
"6798 N LINCOLN AVE
LINCOLNWOOD, IL 60712
1",847-674-6350,,FALSE,FALSE,FALSE,Walgreens
"815 SUMMIT ST
ELGIN, IL 60120
1",847-695-5847,,FALSE,FALSE,FALSE,Walgreens
"4343 N CENTRAL AVE
CHICAGO, IL 60634
1",773-427-9456,,FALSE,FALSE,FALSE,Walgreens
"6600 WILLOW SPRINGS RD
LA GRANGE HIGHLANDS, IL 60525
",708-588-1253,,FALSE,FALSE,FALSE,Walgreens
"15 GRANT SQ
HINSDALE, IL 60521
",630-323-7059,,FALSE,FALSE,FALSE,Walgreens
"155 E BRUSH HILL RD
ELMHURST, IL 60126
",630-833-3724,Pharmacy only,FALSE,TRUE,FALSE,"Walgreens Pharmacy at Elmhurst Memorial Hospital
"
"6 E NORTH AVE
NORTHLAKE, IL 60164
",708-836-0348,,FALSE,FALSE,FALSE,Walgreens
"160 N ROBERT T PALMER DR
ELMHURST, IL 60126
",630-782-1703,,FALSE,FALSE,FALSE,Walgreens
"501 PLAINFIELD RD
WILLOWBROOK, IL 60527
",630-789-1797,,FALSE,FALSE,FALSE,Walgreens
"2205 W 22ND ST
OAK BROOK, IL 60523
",630-928-0386,,FALSE,FALSE,FALSE,Walgreens
"200 E ROOSEVELT RD
VILLA PARK, IL 60181
",630-993-0869,,FALSE,FALSE,FALSE,Walgreens
"1 E OGDEN AVE
WESTMONT, IL 60559
",630-437-5137,,FALSE,FALSE,FALSE,Walgreens
"10 E SAINT CHARLES RD
VILLA PARK, IL 60181
",630-832-6030,,FALSE,FALSE,FALSE,Walgreens
"8 W 63RD ST
WESTMONT, IL 60559
",630-852-9390,,FALSE,FALSE,FALSE,Walgreens
"15940 KEDZIE AVE
MARKHAM, IL 60428
",708-339-1184,,FALSE,FALSE,FALSE,Walgreens
"390 E 162ND ST
SOUTH HOLLAND, IL 60473
",708-339-7799,,FALSE,FALSE,FALSE,Walgreens
"820 183RD ST
HOMEWOOD, IL 60430
",708-957-9402,,FALSE,FALSE,FALSE,Walgreens
"18300 GOVERNORS HWY
HOMEWOOD, IL 60430
",708-799-8301,,FALSE,FALSE,FALSE,Walgreens
"522 TORRENCE AVE
CALUMET CITY, IL 60409
",708-868-5669,,FALSE,FALSE,FALSE,Walgreens
"18301 PULASKI AVE
HAZEL CREST, IL 60429
",708-335-4180,,FALSE,FALSE,FALSE,Walgreens
"5525 159TH ST
OAK FOREST, IL 60452
",708-535-6018,,FALSE,FALSE,FALSE,Walgreens
"18133 TORRENCE AVE
LANSING, IL 60438
",708-889-0130,,FALSE,FALSE,FALSE,Walgreens
"3200 VOLLMER RD
OLYMPIA FIELDS, IL 60461
",708-503-3617,,FALSE,FALSE,FALSE,Walgreens
"650 DIXIE HWY
CHICAGO HEIGHTS, IL 60411
",708-755-0058,,FALSE,FALSE,FALSE,Walgreens
"16675 OAK PARK AVE
TINLEY PARK, IL 60477
",708-429-0880,,FALSE,FALSE,FALSE,Walgreens
"3564 RIDGE RD
LANSING, IL 60438
",708-895-7937,,FALSE,FALSE,FALSE,Walgreens
"4445 CALUMET AVE
HAMMOND, IN 46327
",219-932-2007,,FALSE,FALSE,FALSE,Walgreens
"7236 CALUMET AVE
HAMMOND, IN 46324
",219-937-0337,,FALSE,FALSE,FALSE,Walgreens
"20950 GOVERNORS HWY
OLYMPIA FIELDS, IL 60461
",708-747-0121,,FALSE,FALSE,FALSE,Walgreens
"6510 COLUMBIA AVE
HAMMOND, IN 46320
",219-931-3332,,FALSE,FALSE,FALSE,Walgreens
"7960 W 159TH ST
ORLAND PARK, IL 60462
",708-532-7781,,FALSE,FALSE,FALSE,Walgreens
"8930 CALUMET AVE
MUNSTER, IN 46321
",219-513-0894,,FALSE,FALSE,FALSE,Walgreens
"15 S ORCHARD DR
PARK FOREST, IL 60466
",708-481-7878,,FALSE,FALSE,FALSE,Walgreens
"8400 171ST ST
TINLEY PARK, IL 60487
",708-429-3324,,FALSE,FALSE,FALSE,Walgreens
"3120 CHICAGO RD
SOUTH CHICAGO HEIGHTS, IL 60411
",708-755-7972,,FALSE,FALSE,FALSE,Walgreens
"2601 E SAUK TRL
SAUK VILLAGE, IL 60411
",708-757-6906,,FALSE,FALSE,FALSE,Walgreens
"6905 KENNEDY AVE
HAMMOND, IN 46323
1",219-844-5034,,FALSE,FALSE,FALSE,Walgreens
"1001 CALUMET AVE
DYER, IN 46311
1",219-227-3557,Pharmacy only,FALSE,TRUE,FALSE,"Walgreens Pharmacy at
"
"11 E 75TH ST
CHICAGO, IL 60619
1",773-224-1211,,FALSE,FALSE,FALSE,Walgreens
"2401 RIDGE RD
HIGHLAND, IN 46322
1",219-838-1412,,FALSE,FALSE,FALSE,Walgreens
"7209 W LINCOLN HWY
FRANKFORT, IL 60423
1",815-464-8374,,FALSE,FALSE,FALSE,Walgreens
"14680 S LA GRANGE RD
ORLAND PARK, IL 60462
1",708-460-2021,,FALSE,FALSE,FALSE,Walgreens
"2015 E 79TH ST
CHICAGO, IL 60649
1",773-734-2492,,FALSE,FALSE,FALSE,Walgreens
"7111 S WESTERN AVE
CHICAGO, IL 60636
1",773-863-8009,,FALSE,FALSE,FALSE,Walgreens
"13023 S LA GRANGE RD
PALOS PARK, IL 60464
1",708-361-2291,,FALSE,FALSE,FALSE,Walgreens
"2123 E COLUMBUS DR
EAST CHICAGO, IN 46312
1",219-397-6911,,FALSE,FALSE,FALSE,Walgreens
"5555 W 79TH ST
BURBANK, IL 60459
1",708-499-3755,,FALSE,FALSE,FALSE,Walgreens
"7045 S PULASKI RD
CHICAGO, IL 60629
1",773-735-0337,,FALSE,FALSE,FALSE,Walgreens
"8715 S HARLEM AVE
BRIDGEVIEW, IL 60455
1",708-598-2511,,FALSE,FALSE,FALSE,Walgreens
"770 JOLIET ST
DYER, IN 46311
1",219-322-5305,,FALSE,FALSE,FALSE,Walgreens
"7945 W 95TH ST
HICKORY HILLS, IL 60457
1",708-599-5603,,FALSE,FALSE,FALSE,Walgreens
"22 US HIGHWAY 41
SCHERERVILLE, IN 46375
1",219-865-6472,,FALSE,FALSE,FALSE,Walgreens
"7109 S JEFFERY BLVD
CHICAGO, IL 60649
1",773-324-1880,,FALSE,FALSE,FALSE,Walgreens
"2351 E 71ST ST
CHICAGO, IL 60649
1",773-358-4135,Pharmacy only,FALSE,TRUE,FALSE,"Community Pharmacy
"
"650 W 63RD ST
CHICAGO, IL 60621
1",773-994-4467,,FALSE,FALSE,FALSE,Walgreens
"1533 E 67TH ST
CHICAGO, IL 60637
1",773-493-0733,This store is closed temporarily,TRUE,FALSE,FALSE,Walgreens
"6315 S KEDZIE AVE
CHICAGO, IL 60629
1",773-776-4040,,FALSE,FALSE,FALSE,Walgreens
"7878 S HARLEM AVE
BRIDGEVIEW, IL 60455
1",708-496-7806,,FALSE,FALSE,FALSE,Walgreens
"9554 E LINCOLN HWY
FRANKFORT, IL 60423
1",815-806-0438,,FALSE,FALSE,FALSE,Walgreens
"4000 W 59TH ST
CHICAGO, IL 60629
1",773-581-2345,This store is closed temporarily,TRUE,FALSE,FALSE,Walgreens
"407 W GLEN PARK AVE
GRIFFITH, IN 46319
1",219-924-2701,,FALSE,FALSE,FALSE,Walgreens
"17955 WOLF RD
ORLAND PARK, IL 60467
1",708-478-3758,,FALSE,FALSE,FALSE,Walgreens
"5401 S WENTWORTH
CHICAGO, IL 60609
1",773-268-5664,Pharmacy only,FALSE,TRUE,FALSE,"Access Community Health
"
"651 W US HIGHWAY 30
SCHERERVILLE, IN 46375
1",219-865-2245,,FALSE,FALSE,FALSE,Walgreens
"5435 S KEDZIE AVE
CHICAGO, IL 60632
1",773-436-7396,,FALSE,FALSE,FALSE,Walgreens
"1554 E 55TH ST
CHICAGO, IL 60615
1",773-667-1177,,FALSE,FALSE,FALSE,Walgreens
"1225 E RIDGE RD
GRIFFITH, IN 46319
1",219-838-4280,,FALSE,FALSE,FALSE,Walgreens
"11981 W 143RD ST
ORLAND PARK, IL 60467
1",708-403-9221,,FALSE,FALSE,FALSE,Walgreens
"5036 S COTTAGE GROVE AVE
CHICAGO, IL 60615
1",773-373-6266,This store is closed temporarily,TRUE,FALSE,FALSE,Walgreens
"4700 S HALSTED ST
CHICAGO, IL 60609
1",773-927-8777,,FALSE,FALSE,FALSE,Walgreens
"1614 W 47TH ST
CHICAGO, IL 60609
1",773-247-3051,,FALSE,FALSE,FALSE,Walgreens
"20002 WOLF RD
MOKENA, IL 60448
1",708-478-3244,,FALSE,FALSE,FALSE,Walgreens
"4710 S WESTERN AVE
CHICAGO, IL 60609
1",773-579-0366,,FALSE,FALSE,FALSE,Walgreens
"5414 S ARCHER AVE
CHICAGO, IL 60638
1",773-581-1664,,FALSE,FALSE,FALSE,Walgreens
"5874 S ARCHER AVE
CHICAGO, IL 60638
1",773-284-7419,,FALSE,FALSE,FALSE,Walgreens
"4385 S ARCHER AVE
CHICAGO, IL 60632
1",773-247-6804,,FALSE,FALSE,FALSE,Walgreens
"7150 W ARCHER AVE
CHICAGO, IL 60638
1",773-229-1447,,FALSE,FALSE,FALSE,Walgreens
"9280 WICKER AVE
SAINT JOHN, IN 46373
1",219-365-9847,,FALSE,FALSE,FALSE,Walgreens
"11200 W LARAWAY RD
FRANKFORT, IL 60423
1",815-806-8195,,FALSE,FALSE,FALSE,Walgreens
"3405 S KING DR
CHICAGO, IL 60616
1",312-326-4058,,FALSE,FALSE,FALSE,Walgreens
"13023 S LA GRANGE RD
PALOS PARK, IL 60464
",708-361-2291,,FALSE,FALSE,FALSE,Walgreens
"14680 S LA GRANGE RD
ORLAND PARK, IL 60462
",708-460-2021,,FALSE,FALSE,FALSE,Walgreens
"10S370 KINGERY HWY
WILLOWBROOK, IL 60527
",630-655-2733,,FALSE,FALSE,FALSE,Walgreens
"11981 W 143RD ST
ORLAND PARK, IL 60467
",708-403-9221,,FALSE,FALSE,FALSE,Walgreens
"7516 S CASS AVE
DARIEN, IL 60561
",630-964-4242,,FALSE,FALSE,FALSE,Walgreens
"15575 E 127TH ST
LEMONT, IL 60439
",630-257-9250,,FALSE,FALSE,FALSE,Walgreens
"8300 LEMONT RD
DARIEN, IL 60561
",630-985-6419,,FALSE,FALSE,FALSE,Walgreens
"17955 WOLF RD
ORLAND PARK, IL 60467
",708-478-3758,,FALSE,FALSE,FALSE,Walgreens
"833 W 115TH ST
CHICAGO, IL 60643
1",773-568-4034,,FALSE,FALSE,FALSE,Walgreens
"1213 W 79TH ST
CHICAGO, IL 60620
1",773-651-2118,,FALSE,FALSE,FALSE,Walgreens
"1 E OGDEN AVE
WESTMONT, IL 60559
1",630-437-5137,,FALSE,FALSE,FALSE,Walgreens
"680 E BOUGHTON RD
BOLINGBROOK, IL 60440
1",630-783-3916,,FALSE,FALSE,FALSE,Walgreens
"8000 BROADVIEW VILLAGE SQ
BROADVIEW, IL 60155
1",708-410-2957,,FALSE,FALSE,FALSE,Walgreens
"7113 CERMAK RD
BERWYN, IL 60402
1",708-795-9030,,FALSE,FALSE,FALSE,Walgreens
"2501 75TH ST
WOODRIDGE, IL 60517
1",630-910-6142,,FALSE,FALSE,FALSE,Walgreens
"5932 W CERMAK RD
CICERO, IL 60804
1",708-652-4856,,FALSE,FALSE,FALSE,Walgreens
"10300 S MICHIGAN AVE
CHICAGO, IL 60628
1",773-468-0602,,FALSE,FALSE,FALSE,Walgreens
"14700 HALSTED ST
HARVEY, IL 60426
1",708-333-3572,,FALSE,FALSE,FALSE,Walgreens
"6240 BELMONT RD
DOWNERS GROVE, IL 60516
1",630-960-4160,,FALSE,FALSE,FALSE,Walgreens
"1600 W ROOSEVELT RD
BROADVIEW, IL 60155
1",708-343-5323,,FALSE,FALSE,FALSE,Walgreens
"18301 PULASKI AVE
HAZEL CREST, IL 60429
1",708-335-4180,,FALSE,FALSE,FALSE,Walgreens
"16750 W 159TH ST
LOCKPORT, IL 60441
1",815-834-1351,,FALSE,FALSE,FALSE,Walgreens
"10345 W ROOSEVELT RD
WESTCHESTER, IL 60154
1",708-681-4034,,FALSE,FALSE,FALSE,Walgreens
"1000 OGDEN AVE
DOWNERS GROVE, IL 60515
1",630-493-1567,,FALSE,FALSE,FALSE,Walgreens
"101 LILY CACHE LN
BOLINGBROOK, IL 60440
1",630-759-3011,,FALSE,FALSE,FALSE,Walgreens
"7200 ROOSEVELT RD
FOREST PARK, IL 60130
1",708-366-9534,,FALSE,FALSE,FALSE,Walgreens
"4800 W CERMAK RD
CICERO, IL 60804
1",708-863-7734,,FALSE,FALSE,FALSE,Walgreens
"4005 W 26TH ST
CHICAGO, IL 60623
1",773-521-9504,,FALSE,FALSE,FALSE,Walgreens
"20002 WOLF RD
MOKENA, IL 60448
",708-478-3244,,FALSE,FALSE,FALSE,Walgreens
"3303 W 26TH ST
CHICAGO, IL 60623
1",773-521-1718,Pharmacy only,FALSE,TRUE,FALSE,"Walgreens Pharmacy at ACCESS Servicios Medicos La Villita
"
"2205 W 22ND ST
OAK BROOK, IL 60523
1",630-928-0386,,FALSE,FALSE,FALSE,Walgreens
"8628 S COTTAGE GROVE AVE
CHICAGO, IL 60619
1",773-651-8500,,FALSE,FALSE,FALSE,Walgreens
"3045 W 26TH ST
CHICAGO, IL 60623
1",773-254-3316,,FALSE,FALSE,FALSE,Walgreens
"18300 GOVERNORS HWY
HOMEWOOD, IL 60430
1",708-799-8301,,FALSE,FALSE,FALSE,Walgreens
"155 E BRUSH HILL RD
ELMHURST, IL 60126
1",630-833-3724,Pharmacy only,FALSE,TRUE,FALSE,"Walgreens Pharmacy at Elmhurst Memorial Hospital
"
"1926 W 35TH ST
CHICAGO, IL 60609
1",773-254-5523,,FALSE,FALSE,FALSE,Walgreens
"1890 SILVER CROSS BLVD
NEW LENOX, IL 60451
1",815-485-2578,Pharmacy only,FALSE,TRUE,FALSE,"Walgreens Pharmacy at Silver Cross Hospital
"
"811 MADISON ST
OAK PARK, IL 60302
1",708-383-9009,,FALSE,FALSE,FALSE,Walgreens
"347 N INDEPENDENCE BLVD
ROMEOVILLE, IL 60446
1",815-293-1152,,FALSE,FALSE,FALSE,Walgreens
